id,name,description,type
root,德国的家族企业,关于德国家族企业的综合性研究资料，涵盖其特征、发展历程、管理模式、案例分析等多个方面,root_topic
part1,第一部分 综述,德国家族企业综述，包括德国基本数据、简史、家族企业定义、特征、类型、发展状况及隐形冠军企业介绍,第一部分
part1_basic_data,德国基本数据,德国领土面积357167平方公里，人口约8200万，GDP超4.4万亿美元，人均约5.3万美元。拥有837家寿命超过200年的企业，1307家隐形世界冠军，2300多个世界名牌。优势产业包括汽车、精密机械、高端装备、精细化工等,第一部分
part1_history,德国简史,从日耳曼部落到神圣罗马帝国，从普鲁士崛起到德意志帝国建立，经历两次世界大战，最终在1990年实现统一。历史发展脉络为家族企业传承奠定了文化基础,第一部分
part1_definition,何为家族企业,家族企业是指资本或股份主要控制在一个家族手中（家族成员拥有企业51%以上的股份），至少有一位家族成员出任企业的主要领导职务的企业。财产所有权一般按血缘关系传承，领导者具有绝对处置权,第一部分
part1_advantages,家族企业的先天优势与内在缺陷,优势：两权合一内生动力、信息不对称性低、协调成本低、家族认同感强、选择性刺激制度。缺陷：人才瓶颈、组织机制障碍、老板文化、决策独断性、富不过三代生命怪圈,第一部分
part1_types,家族企业的类型,三种类型：1.纯粹的家族式企业（从老板到员工都是一家人的作坊式）2.传统的家族式企业（家族长控制大权，关键岗位由家族成员担任）3.现代的家族式企业（家族持所有权，经营权可交给有能力的家族或非家族成员）,第一部分
part1_development,家族企业的发展状况,全世界企业中家族企业占65%-80%，全世界500强企业中40%由家族所有或经营。在德国90%的企业是家族企业，雇佣了58%的员工，销售额占比52%。德国排行前100的大型公司里有21家是家族企业,第一部分
part1_famous,声名卓著的德国家族企业,包括大众集团（皮耶希家族和保时捷家族）、宝马集团（匡特家族）、施瓦茨集团、阿尔迪集团、大陆集团、汉高集团、海德堡水泥集团、贝塔斯曼集团、默克集团、舍弗勒、勃林格殷格翰集团、贺利氏集团等知名家族企业,第一部分
part1_hidden_champions,德国的隐形世界冠军,德国拥有1307家隐形世界冠军，定义为：全球市场占有率第一或第二、年产值在20亿欧元左右、鲜为大众所知。案例包括豪尼（卷烟机械90%份额）、杰里茨（舞台幕布100%份额）、福莱希（伸缩狗链80%份额）等。特征：寿命长、领导世界市场、利润高、研发投入大,第一部分
part2,第二部分 中国家族企业经常遇到的问题和困惑,分析中国家族企业的发展现状、存在问题、发展历程、特点及面临的困惑与挑战，提出变革之路,第二部分
part2_china_status,中国的家族企业状况,改革开放以来中国民营企业主体是家族企业，是中国经济中最有活力的部分。涌现出哇哈哈（宗庆后）、美的集团（何享健）、长城汽车（魏建军）等成功企业。2019年中国大陆港台共38家企业上榜全球最大500个家族企业,第二部分
part2_development_process,一般家族企业的发展历程,分为6个阶段：1.小打小闹艰苦创业 2.快速发展亲朋加入 3.利用人口红利快速膨胀 4.家大业大压力山大 5.第一代年老体衰代际传承 6.一部分做大做强或陷于困境,第二部分
part2_characteristics,中国家族企业第一代的特点,进取心强（头脑敏锐不怕吃苦敢于冒险）、家族涉入程度高、战略聚焦专一、勤俭节约、个人主义（拥有极大自由）、特殊主义（家庭为核心的权威体系）,第二部分
part2_confusions,家族企业面临的诸多困惑与发展怪圈,三大困惑：短命困惑（平均经营年限8.8年vs全球25年）、转型困惑（从低附加值转型升级、从粗放型管理转向现代企业管理）、传承困惑（交接班高峰期面临企业衰亡风险）。发展怪圈：一做大就分裂、富不过三代,第二部分
part2_management_problems,家族企业管理存在的问题,愿景远大行为短视、缺乏战略注重战术、家企不分独断专行、任人唯亲人才匮乏、指挥随意缺乏体系、两个极端（守财或挥霍）、教育缺失后继无人,第二部分
part2_reform_mistakes,家族企业管理变革的误区,只练外功缺乏内功、拼凑管理不成体系、追求规模多元化经营做大不做强、盲目迷信管理大师和培训课程,第二部分
part2_transformation_path,家族企业的变革之路,建立现代管理体系、管控发展风险、实现管理转型升级、设计企业管控系统、打造规范化管理体系、改变传统观念、强化接班人培育、建立传承模式,第二部分
part3,第三部分 德国家族企业特征综述,详细分析德国家族企业的九大特征，基于慕尼黑工业大学和科尔曼希伯德的调查研究，涵盖长期导向、传承观念、创新驱动、细分市场、工匠精神、内部凝聚力、财务政策、决策执行等方面,第三部分
part3_tum_survey,慕尼黑工业大学调查报告,家族企业在CDax上市企业中约占一半，市值占比约三分之一。家族企业业绩更高（盈利率23.2%vs15.2%），营业额增幅更大（122%vs50%），提供就业岗位增幅54%vs21%，自有资金率更高,第三部分
part3_coleman_survey,科尔曼和希伯德调查报告,基于"10000家最大家族企业名录"的调查。德国家族企业模式丰富多彩，从857年历史啤酒厂、3人烘焙店到数十亿欧元公司。中小企业数量占比96%，企业规模不同战略行为也不同,第三部分
part3_char1,立足长远着眼未来价值,德国家族企业都有长期战略目标，追求长期经营模式而非快速致富。着眼长远至少5年计划周期，多为10-15年甚至30年。体现在企业高管稳定性、长期利益相关者关系、长期计划投资决策等方面,第三部分
part3_char2,强烈的传承观念,家族企业是需要代代相传的家族珍宝，对事业地区员工有使命感。中小型企业财务状况稳健，德国遗产税继承税较低保证家族资产传承。企业多长寿，每八家营业额超3亿欧元的家族企业中就有一家寿命超150年。案例：Klais管风琴制造商创办于1883年已到第四代,第三部分
part3_char3,以创新引领市场,德国企业借助技术创新和产品质量赢得竞争优势，而非价格竞争。工业相关创新研发费用占GDP比重是美国20倍。企业研发投入占GDP约3%，营业额4.5%投入研发，12.4%是研发成果收益。制造业中研发收益高达27%，形成良性循环,第三部分
part3_char4,深耕全球专业细分市场,德国是出口导向型国家，近一半GDP由出口创造，人均出口量全球第一。44%企业直接间接为出口贡献。高度国际化，小企业国际化程度33%，大企业81%。长期专注细分市场，信奉"不要在大象玩耍的地方跳舞"哲学,第三部分
part3_char5,精益求精的工匠精神,注重打造核心竞争力，注重实用性强调耐用性和艺术性，为客户创造价值，注重维护企业形象和品牌。极其重视工匠给予极大尊重，职业无高低贵贱，工匠谨慎内涵包括精确、专注、完美、标准、秩序和厚实,第三部分
part3_char6,强大的内部凝聚力,企业营造"家"的气氛像大家庭。卓越人力资源发展培训体系，管理人员主要从内部选拔。员工流失率低（德国企业7.3%，隐形冠军不到2.7%），员工平均在同一企业效力37年。案例：威能公司75%管理人员内部选拔，扁平化管理，鼓励员工提出合理化建议,第三部分
part3_char7,谨慎保守的独立财务政策,德国企业财务政策谨慎保守，中小家族企业一半以上资金来自企业内部。大型家族企业平均股东权益比43.5%，大型上市企业37.6%。外部融资主要途径是银行贷款，发行股票仅占外部融资5%。年营业额超3亿欧元家族企业中仅11%是上市公司,第三部分
part3_char8,决策与执行的高度统一,大部分老板即是企业所有者也是经理人，有大而统一的决策执行力。关键时刻能把企业长期规划贯彻下去。即使不在管理层也与经理人保持密切关系在决策中扮演重要角色。对地区经济有重要意义，重视企业文化强调独立发展,第三部分
part3_char9,不同形式的权利分配,德国家族企业有不同形式：个体企业（所有权经营权都由家族掌控）、合伙企业（多个所有者通过合伙协议明确职责权利分配）、集团公司（成立管理委员会和监事会，职能严格划分，管理委员会由职业经理人组成，监事会由家族成员担任主席）,第三部分
part4,第四部分 着眼长远的企业目标与战略,德国家族企业着眼长远的企业目标与战略规划，体现在企业高管稳定性与薪酬设计、长期利益相关者关系维护、长期计划和投资决策等方面,第四部分
part4_exec_stability,企业高管的稳定性,德国大型上市企业管理层平均任职7年，家族企业最高管理层平均任职20年。如大众汽车诺德霍夫超20年、博世130多年只有7位CEO。CEO更多扮演高层管理团队发言人角色，实际由高层管理团队管理，保证了战略连续性,第四部分
part4_compensation,高管的薪酬设计,德国企业CEO董事收入极高，但主管部门经理与普通职员收入差距不大。高管薪酬与中长期战略经营成果结合。安联保险长期激励计划以流通市值增加作为奖励，SAP CEO奖金以股票形式且4年内不准出售,第四部分
part4_stakeholder_relations,长期的利益相关者关系,德国企业高度重视与员工、股东、投资者、供应商、客户等利益相关者关系。员工忠诚度高，短时工制度共度时艰，与高校科研机构长期合作，注重环境保护承担社会责任,第四部分
part4_investment_decisions,长期的计划和投资决策,德国企业至少以5年为计划周期，凯驰30年计划周期。保时捷拒绝发布季度报告，重视中长期投资决策。汽车零部件行业前期投资巨大但回报期长，体现长期战略思维,第四部分
part5,第五部分 以创新引领市场,德国家族企业以创新引领市场，通过技术创新和产品质量赢得竞争优势。企业研发投入占GDP约3%，营业额4.5%投入研发，形成良性循环。创新特点包括专门管理团队、渐进式创新、合作创新、行业标准制定等,第五部分
part5_innovation_management,设立专门的创新管理团队,SAP公司强大独立运作创新中心，内部企业家项目鼓励员工提出新想法。通过出色创新管理，企业销售额可提高13.5%，特别出色企业可达55.8%。创新中心确保新业务正式运营后移交给公司,第五部分
part5_incremental_innovation,渐进式创新,德国企业擅长渐进式创新，通过持续小规模流程产品改进提高质量。宝马I-Motion金点子计划、大陆3i计划、蔡司虚拟创意交易所等。与英美激进式创新不同，德国通过庞大系统支撑创新过程,第五部分
part5_cooperative_innovation,与合作伙伴共同创新,蔡司公司全球约400家创新合作伙伴，肖特公司与家电炊具厂商长期合作。AiF产业合作研究联盟5万多家企业会员，弗劳恩霍夫协会科研项目应用性强。合作创新以高度信任为前提,第五部分
part5_industry_standards,争做行业标准制定者,德国被称为"标准化世界冠军"，2/3国际机械制造标准根据德国标准制定。德尔格成为矿井救援代名词，凯驰成为高压清洗机代名词。西门子Mind Sphere工业云、曼奈柯斯电动汽车充电接头成为欧洲标准,第五部分
part5_management_innovation,管理创新,西门子建立内部咨询公司"西门子管理咨询"进行战略管理创新，节约成本、培养人才、获得真实反馈、保护商业机密。不排斥外部咨询公司，实现优势互补利益最大化,第五部分
part5_marketing_innovation,营销创新,德国企业擅长借助成功商业案例宣传。多玛公司宣称白宫旋转门、总理府门禁系统都由其提供。佐特勒满月啤酒、布鲁诺巴纳尼内衣极限测试等创新营销案例,第五部分
part5_people_over_budget,人员重于预算,中小企业研发支出占销售额比例高于大中型企业，成功策略是依靠高素质员工实现创新。锐多公司拥有行业最集中专业人才，因文尼奥公司95%产值来源于人力资源。高管重视创新程度是关键,第五部分
part5_advanced_research,超前研究加速创新,德国企业通过超前研究、技术保密、专利保护等保持领先优势。弗劳恩霍夫调查显示德国企业新产品开发周期平均13个月。排除三个最重要时间内耗因子可缩短研发周期40%,第五部分
part5_information_technology,利用信息技术为创新保驾护航,德国企业普遍利用先进信息技术为创新保驾护航。大众前CEO卡尔哈恩认为信息技术是企业成功关键标准。约45%德国企业信息技术安全管理部分或全部外包给专业服务提供商,第五部分
part6,第六部分 专注与聚焦深耕全球专业细分市场,德国家族企业专注聚焦，深耕全球专业细分市场。德国是出口导向型国家，近一半GDP由出口创造。企业信奉"不要在大象玩耍的地方跳舞"哲学，专业化与国际化有效结合,第六部分
part6_focus_specialization,专注与聚焦,德国隐形冠军只关注很小领域，约1/4公司市场容量低于3亿欧元。采取多维度市场定义：应用客户需求63%、客户目标群体55%、产品技术42%。平均领导市场22年，专注于价值创造链某个环节,第六部分
part6_global_niche_markets,深耕全球专业细分市场,德国44%企业直接间接为出口贡献，高宝股份95%营业额在德国以外取得。小企业国际化程度33%，大企业81%。选择国际巨头看不上的"偏门"细分市场，通过持续创新保证独特竞争优势,第六部分
part6_specialization_internationalization,专业化与国际化有效结合,德国出口产品1/3是机械设备汽车，形成独特竞争优势。虹霓公司世界卷烟机械90%市场份额，PWM公司加油站电子计价器德国90%份额，凯驰高压清洗设备全球主导地位,第六部分
part6_high_value_products,打造高附加值产品,德国工业整体价值增长29.8%，产品生产加工深度高，核心零部件技术不过多依赖供应商。海德堡印刷机关键零部件自己铸造，旺众公司自己生产几乎所有部件，卡德维公司自制涂料,第六部分
part6_internationalization_strategy,制定明确的国际化战略,德国企业充分利用政府民间机构服务，对国际化扩张进行系统化研究论证。从地理区位产品角度分析目标市场，倾向选择全资拥有海外子公司，人是企业国际化核心要素,第六部分
part7,第七部分 基于核心能力开展多元化经营,德国家族企业基于核心能力开展相关多元化经营，区别于英美非相关多元化战略。德国企业主导业务型多元化围绕核心能力展开，通过合作收购、剥离非核心业务等方式实现有选择的业务多元化,第七部分
part7_diversification_strategy,多元化战略,德国企业经济学的主导业务型多元化：企业多元化业务领域数量极其有限，在产品市场范围和内部价值创造过程方面很相近，客户和竞争对手也大体相同。如卡尔蔡司公司利用光学技术相关性进行多元化扩张,第七部分
part7_germany_vs_anglosaxon,德国与英美对比,德国企业以技术为导向且多为家族企业，依赖银行长期关系，轻视资本市场，擅长相关多元化。英美企业资本市场驱动，高管财务导向，擅长运用财务指标管理多元化企业但不关心技术运营细节,第七部分
part7_related_diversification,相关多元化战略,德国企业奉行相关多元化战略，各业务间存在市场或技术联系，能更有效整合利用现有资源。企业可获得协同效应，在投入较少情况下实现较大产出。如蒂森克虏伯利用电梯业务利润补贴盈利较差的钢铁业务,第七部分
part7_milupa_case,相关多元化成功案例美乐宝,1921年两位德国面包师成立美乐宝，从面包干饼干巧克力起家，1932年开始生产婴幼儿食品，1964年推出米路米奶粉，1968年推出爱他美奶粉更接近母乳。利用食品技术相关性成功多元化为国际性企业,第七部分
part7_selective_diversification,有选择性的业务多元化,德国企业倾向选择相关多元化，围绕核心能力进行多元化经营。西门子产品组合清晰：每个业务领域在细分市场保持极高竞争力，业务间形成技术研发或市场销售协同效应，剥离无法维持的边缘业务,第七部分
part7_cooperation_acquisition,通过合作与收购进行多元化,德国企业通过收购强化核心业务或拓展新业务。艾德卡与布德尼合作进入药妆日化领域，克虏伯19世纪收购格鲁森公司控股51%股份。合作收购是相关多元化经营的有效途径,第七部分
part7_commercial_diversification,商业企业的多元化经营,德国商业企业在固定成本不变前提下经营副业。沏宝咖啡馆同时经营纺织品成为德国十大纺织品零售企业之一，非食品类商品贡献绝大部分利润。Aral加油站44%收益来自便利店,第七部分
part7_after_sales_maintenance,深挖售后和维修业务,售后服务带来可观利润，如打印机低价销售但墨盒费用昂贵。哈高公司20%销售额来自直接销售机器，其余主要来源于售后服务。西门子2006年开始大力发展服务业务使电力部门营业额利润大幅提高,第七部分
part7_divest_noncore,剥离非核心业务和无前景的业务,企业及时剥离无盈利机会或走下坡路的业务，将资金投入更有发展前景的新兴业务。高宝公司印刷机业务从2/3下降到10%，但垄断印钞机市场80-90%份额。博世公司出售传统电机业务保留新能源汽车相关电机业务,第七部分
part7_german_strengths_weaknesses,德国企业擅长和不擅长的行业,德国领先世界的行业：汽车航天航空机械制造医药化工电子电器，工业占经济总量1/4强。不擅长奢侈品行业和基于互联网的新兴行业，但在自动驾驶共享汽车智能制造等细分市场仍有优势,第七部分
part8,第八部分 与同行合作共赢,德国企业反对过分竞争提倡合作共赢，同行间既竞争又合作。通过建立合作网络、成立合资公司、打造企业集团等形式实现合作，借力行业协会团结中小企业，进行竞争分析和标杆管理,第八部分
part8_competition_concept,德国企业的竞争理念,德国式竞争残酷但不破坏性，寻求市场份额而非垄断市场。企业鄙视价格竞争，推崇绩效和性能竞争。追求合理市场份额确保各自生存发展空间，很少互相拆台打价格战,第八部分
part8_cooperation_competition,反对过分竞争提倡合作共赢,德国企业认为竞争不是你死我活战争而是合作共赢共生共存，竞争目的是为了更好发展提升自己。《合作竞争》理论提出企业经营是可实现共赢的非零和博弈。福伊特CEO反对过分注重竞争支持客户至上,第八部分
part8_cooperation_history,合作竞争案例,德国企业同行合作传统可追溯至19世纪中后期。1875年有4家卡特尔垄断组织，1905年增长到385家。1893年莱茵-威斯特伐利亚煤业联盟成立。1904年巴斯夫拜尔阿克发合作成Farben公司掌控德国98%染料市场,第八部分
part8_cooperation_reasons,竞争对手进行合作的原因和动机,企业资源优势形成合力达到规模效益，增强创新能力和市场竞争能力。优势互补实现取长补短，分担投资成本和失败风险。影响行业标准制定修改，提高行业准入门槛，树立标杆地位,第八部分
part8_cooperation_networks,建立同行合作网络,合作网络将竞争对手相互合作依赖的活动关系看作企业网络。企业通过合作网络获得所需资本技术人才等要素，克服自身局限实现特定目标。拜尔与美国生物技术公司合作研制新药分担13亿欧元研发费用,第八部分
part8_joint_ventures,成立合资公司,通过合资公司构建受法律保护的合作载体，共同出资经营负盈亏担风险。博世西门子1967年合资成立博世-西门子家用电器公司50年成为欧洲最大家用电器制造商。2001年联合收购曼内斯曼公司各取所需,第八部分
part8_corporate_groups,打造企业集团,比合资公司更进一步的合作形式，将外部合作直接内部化。1926年奔驰公司和戴姆勒公司合并成戴姆勒-奔驰股份公司。1999年蒂森公司和克虏伯公司完成合并成为二战后德国最大规模公司合并,第八部分
part8_auto_cooperation,三大汽车制造商之间的合作,德国三大汽车公司宝马戴姆勒大众联合收购诺基亚地图业务，联合建设充电桩对抗特斯拉。合并汽车共享平台Car2Go和DriveNow阻止优步占领欧洲市场。大众戴姆勒合作成立Heycar二手车平台,第八部分
part8_unite_against_outside,联合起来一致对外,德国企业联手对抗美国FAANMG互联网巨头。United Internet与RTL和ProSiebenSat.1成立netID基金会，与戴姆勒施普林格德意志银行安联保险成立的Verimi平台合作，打造欧洲数据平台,第八部分
part8_industry_associations,借力行业协会,中小企业通过行业协会团结起来影响力更大。《哈佛商业评论》认为德国中小企业成功重要原因是强大积极主动的行业协会。巴登苻登堡地区机床行业协会将该地区发展成德国机床行业中心,第八部分
part8_framework_conditions,框架条件,同行合作成功关键要素：信任（合作协议约束+信任）、忠诚（信守合作协议）、任务分工（清晰明确的任务分工）、沟通（必要信息共享把对方看作合作伙伴）。不能违反反垄断法，德国卡特尔法对中小企业网开一面,第八部分
part8_competitive_analysis,竞争分析和标杆管理,德国企业进行竞争分析发现独具风格的机会，标杆管理改善企业内部运作过程增强竞争能力。保时捷公司1991年破产边缘，魏德金学习日本丰田精益生产管理经验，成立保时捷咨询公司传授德国中小企业,第八部分
part8_didi_kuaidi_case,滴滴快的补贴大战案例分析,2014年滴滴快的补贴大战，不足半年投入超24亿元补贴。形成双寡头竞争格局占据99.8%市场份额，但无法找到有效盈利模式。2015年2月14日两家实现战略合并，体现了恶性竞争的后果和启示,第八部分
part9,第九部分 保持与客户的长期和紧密的关系,德国企业成功秘诀是在保持技术优势前提下重视与客户长期合作关系。采用直接销售模式，建立扁平化组织结构，高管维护客户关系，为客户提供一体化解决方案，赢得客户信任,第九部分
part9_longterm_customer_relations,重视与客户的长期合作关系,德国企业成功秘诀之一是保持技术优势前提下重视与客户长期合作关系，通过一揽子措施不断提高客户满意度。采用直接销售模式而非通过进出口商或经销商，海外扩张倾向建立完全独资子公司,第九部分
part9_flat_organization,扁平化的组织结构,小企业在贴近客户方面有先天优势，人员数量和汇报层级较少。大型企业通过缩减汇报层级实行扁平化组织结构，按不同细分市场或客户群体分成多个独立子公司或事业部实行分散化经营去中心化,第九部分
part9_executive_customer_relations,高管维护客户关系,德国企业界认为与客户交流应该是企业管理人员首先完成的任务。企业高管必须亲临现场了解客户需求，75%隐形冠军企业高管与客户有密切私人交往。很多家族企业高管受过技术培训能为客户提供专业建议,第九部分
part9_demanding_customers,让世界上最挑剔的客户满意,德国人是世界上要求最高最挑剔的客户。德国企业认为要成为行业标杆就必须赢得顶尖客户青睐，利用顶尖客户作为企业水平助推器。顶级客户同时是最好的背书人，德国汽车零部件行业涌现优秀企业很大程度上是德国汽车制造商苛刻要求逼出来的,第九部分
part9_integrated_solutions,为客户提供一体化的解决方案,德国企业标准说辞：我们不是卖产品我们是提供一体化的整体解决方案我们是系统供应商。一体化解决方案意味着价值创造深化，增加客户对供应商依赖程度，提高新竞争者市场进入壁垒，报价较高利润空间比较大,第九部分
part9_customer_service,客户服务,客户服务分为售前服务和售后服务。德国企业更擅长服务B2B客户而不精于服务B2C客户。很多德国企业产品比较复杂，咨询和培训成为客户服务重要组成部分。克朗斯公司拥有发达的备件供应体系和中央数据库,第九部分
part9_customer_trust,赢得客户信任,罗伯特博世经商信条：宁肯损失金钱也不能损失信用。2/3德国客户如果失去信任不会再考虑继续购买。德国企业通过专门法务团队控制管理合同、培养员工法律意识、尽最大努力履行合同三种方式建立遵守合同的良好信誉形象,第九部分
part9_brand_reputation,墙内开花墙外香,德国企业都是墙内开花墙外香，通过适度营销宣传扩大海外市场品牌知名度和市场份额。德国制造作为国家品牌品质象征起到很大推动作用。双立人290年历史从1851年就定期参加世博会屡获奖牌，80%销售额来源于德国以外市场,第九部分
part9_dual_governance,德国企业的双重治理结构,从1870年开始德国股份公司和有限责任公司实行双重公司治理结构：监事会由股东和员工代表组成，董事会负责日常运营。CEO只是董事会成员代表和发言人，决策都是全体成员集体讨论协商形成。监事会主要职责是任命监督董事会成员制定薪酬提供咨询建议,第九部分
part10,第十部分 吸引并留住核心员工,德国企业认为高质量员工是关键资源，员工流动率极低。通过就地取材、核心价值观匹配、员工培训技能提升、内部培养管理人员、专家型发展模式、利润分享、有吸引力的薪酬福利、充分授权、提供安全感、欢迎人才回流等方式吸引并留住核心员工,第十部分
part10_employee_turnover,德国企业的员工流动率,德国企业员工流动率最低仅7.3%，隐形冠军甚至低至2.7%，意味着员工平均效力同一企业37年。行业体制抑制挖墙角行为，员工极低流动性和极高忠诚度是德国企业提供高质量产品服务的重要前提，对客户忠诚度形成积极影响,第十部分
part10_local_talent,就地取材,德国企业倾向从驻地附近高校职业学校招聘员工并保持长期合作关系。中小企业通过展示世界市场领先地位、技术创新能力、国际化定位和升迁速度快等优势吸引人才。海外市场实现人才本土化降低成本,第十部分
part10_value_alignment,员工与企业的核心价值观一致,从招聘环节挑选与企业核心价值观和经营理念相契合的员工。德国企业最看重员工社会交往能力和团队合作能力，技术能力可以培养但社会技能难学。选择优秀员工比培训更关键，投资回报率更高,第十部分
part10_training,员工培训和技能提升,德国企业重视员工培训投资提高技能。根据任务工序特点决定由人还是机器完成，专业技能人才受到高度尊重。培训内容技术性专业性强，员工跳槽无法带走专用技能。学习培训成为工作一部分,第十部分
part10_internal_promotion,内部培养管理人员,德企高管2/3内部提拔1/3外聘。从企业外部任命CEO是高风险赌博，内部提拔犯错概率更低。为有潜力年轻管理人员提供明确职业发展计划，实行分权式管理提供大量管理岗位培训经验,第十部分
part10_expert_track,专家型发展模式,管理岗位有限，并非所有优秀员工都有机会当管理者。推行专家型职业发展模式，为具有高度技术专业知识和丰富经验的专家型员工提供广阔发展空间。分5个级别从资深专家到院士与最高管理人员平级,第十部分
part10_profit_sharing,让员工分享利润,为激励员工推出系列措施让员工管理层分享公司成功经营带来的利润。西门子早期就认识到让全体员工按业绩参与利润分配的重要性。贝塔斯曼通过员工利润分享筹集资本，员工持股占公司资本1/3,第十部分
part10_compensation,提供有吸引力的薪酬福利和工作条件,德国企业争先提供有吸引力的薪酬福利工作条件吸引留住优秀员工，尽量减少员工收入差异建立相对平等平衡薪酬体系。西门子1872年建立企业内养老保险制度，提供工厂食堂医院宿舍等设施,第十部分
part10_authorization,充分授权,信任员工充分授权激发主动性创造性。中小企业容易实现，大企业通过分成多个独立运营子公司或事业部实现。德企决策过程共识导向，团队是普遍形式，给予足够发展时间和自主权,第十部分
part10_job_security,让员工具有安全感,德企裁员现象比英美企业少得多，裁员是迫不得已时最后手段。经济危机时采用缩短工时调整岗位继续教育培训等措施与员工共度时艰。家族企业在创造员工安全感方面具有先天优势,第十部分
part10_boomerang_employees,欢迎好马吃回头草,终极目标是杜绝人才流失，如不能达到则重新赢回公司需要的员工。雇佣老员工比新员工更简单节省成本，老员工再次回归后建立更深更牢固忠诚度。高科技行业尤为常见，SAP公司2%员工都是回流的老马,第十部分
part11,第十一部分 稳健保守的财务政策,德国企业奉行谨慎保守的财务政策，注重私密因素，保持财务独立性，依赖内源融资，为潜在风险留足准备金，推崇现金为王策略。企业家谨慎低调务实，信奉活下去比什么都重要的经营哲学,第十一部分
part11_conservative_finance,奉行谨慎保守的财务政策,德国企业是西方国家中的白乌鸦，不屑于英美产业金融制度，不愿对新思潮随波逐流。中小家族企业一半以上资金来自企业内部，大型家族企业平均股东权益比达43.5%，只有不危及公司稳定的风险才值得承担,第十一部分
part11_privacy_factors,注重私密因素,德国文化注重私密因素，企业主希望对个人及企业资产状况保持低调。出于安全考虑避免参与公众活动。德国首富阿尔布莱希特为不对外公布企业资产状况将连锁超市拆分成多家独立公司，私人生活完全隐形,第十一部分
part11_financial_independence,保持财务上的独立性,德国家族企业为保证财务和决策独立性大部分不愿上市。企业上市需要承受资本市场压力看投资者脸色，资本市场偏短视会对企业经营管理指手画脚。希望主要依靠自身资金维持稳定增长保证研发创新投资,第十一部分
part11_internal_financing,内源融资,德国企业普遍倾向于内源融资，资金来源中平均65%属于内源融资。内源融资是企业通过内部积累方式筹集资金，融资成本低没有还本义务不存在偿付风险。四种表现形式：盈余融资、折旧融资、准备金融资、资产重组,第十一部分
part11_risk_reserves,为潜在风险留足准备金,德国商法典允许非上市企业合法预留储备金。西门子公司财务决策两大原则是最大安全性和独立性，长期财务政策包括自有资本占比高、贷款长期性、红利分发谨慎、储备金份额大等,第十一部分
part11_cash_is_king,现金为王,德国企业普遍重视现金流推崇现金为王基本策略，不会举债过多，强调及时回款保证偿债能力。高管重视应收账款管理，定期沟通上报逾期付款情况，设置授信赊销额度上限，根据客户信用记录调整额度,第十一部分
part12,第十二部分 代际传承 基业长青,家族企业传承是基业长青的关键，包括企业家精神权威、经营管理经验知识技巧、人脉社会资本、企业文化、家规族规等要素传承。德国家族企业通过家族宪章、传统与现代结合、确保代际顺利传承等方式实现基业长青,第十二部分
part12_succession_challenges,中国家族企业代际传承面临的挑战,中国家族企业代际传承面临继承人能力意愿不足、缺乏继承规划、治理模式不完善、存在家庭冲突等普遍问题。创业难守业更难，传承面临两极分化，需要系统性规划和科学管理,第十二部分
part12_succession_elements,家族企业传承的要素,家族企业传承不仅是传位子股份资产，还包括企业家精神和权威传承、经营管理经验知识技巧传承、人脉社会资本传承、企业文化传承、家规族规订立执行等。成功传承的企业都十分重视家族文化建设,第十二部分
part12_succession_advantages,家族企业传承的优势,家族企业代际传承有诸多好处：创业经验代代沉淀积累、资产财富有积淀、品牌声誉得到延续发展、子女创业有良好基础、家族成员有社会声誉地位、家族文化传统有浓缩累积。每代都站在巨人肩膀上,第十二部分
part12_family_constitution,家族宪章,德国300多万家族企业中1/3拥有家族宪章。拥有家族宪章的企业内部职责分工更清晰，共同价值观更强，比没有家族宪章企业更成功。家族宪章体现家族使命核心价值观财富分配权利义务接班继承矛盾调解等,第十二部分
part12_tradition_modern,传统与现代的结合,德国家族企业普遍存在所有权与管理权分离、接班人问题两大矛盾。所有权与管理权适当分离是基业长青秘诀之一，48%家族企业最高管理层由家族成员和职业经理人联合组成，24%是清一色职业经理人,第十二部分
part12_succession_planning,确保代际顺利传承,2013-2017年大约58万家德国中小企业需要接班人执掌企业。德国家族企业代际交替平均需要三年时间，但有些企业家仍延迟制定接班人计划。建议成立顾问组确定继承人权限，考虑维护资产利益保障就业岗位,第十二部分
part13,第十三部分 匡特家族（一）,匡特家族从荷兰移民到勃兰登堡的故事是欧洲移民史的缩影。从埃米尔·匡特的企业家起步，到金特·匡特成为收购大师，再到培养第三代接班人赫伯特·匡特，展现了德国家族企业三代传承的经典案例,第十三部分
part13_immigration,移民勃兰登堡,匡特家族从荷兰来到勃兰登堡，跟其他荷兰移民从事运河建设工作。几代匡特家族都是当地手艺人，有制绳工人鞋匠织布工人。匡特家族振兴之路始于埃米尔·匡特，是家族中第一位资本主义企业家,第十三部分
part13_emil_entrepreneur,从学徒到企业家,埃米尔6岁失去父亲，16岁在德尔格兄弟公司织布厂做工，从学徒成为正式职员最终当上经理。1871年工厂被大火烧毁后重建，1873年经济萧条期间接手纺织公司生意，在11家织布厂中只有他的公司存活下来,第十三部分
part13_management_philosophy,老匡特的经营理念和接班人培养,埃米尔经营上不断购入新机器成为全帝国境内设备最精良的纺织厂，财务上拒绝贷款用自身盈利维持新机器采购。选择金特作为接班人，15岁送到柏林接受教育，后到普鲁士纺织工业中等专科学校学习,第十三部分
part13_gunther_entrepreneur,第二代的企业家之路,金特企业家之路比父亲容易得多，进入公司后很快证明实力业务不断增长。敏锐注意到远房亲戚织布厂出售机会，买下后进行全面现代化改革。积极进取对家族工厂未来进行规划，作为推销员走遍全国各大城市,第十三部分
part13_wwi_period,匡特在一战期间,1914年一战爆发为制服纺织厂带来海量订单，工厂产量短时间增长4倍满负荷生产。金特·匡特成为帝国战争经济部门重要管理者，全身投入原材料战役，结交有影响力人物将影响力扩大到纺织行业以外,第十三部分
part13_acquisition_master,被称为收购大师的金特·匡特,金特从一战中获得丰厚利润，在钾矿业开始新征程。与罗斯特格合作利用国家补偿资金吞并大量竞争公司建立庞大康采恩。通胀期间将流动资产换成实物资产，成功并购AFA公司成为匡特家族崛起重要转折点,第十三部分
part13_herbert_training,培养第三代接班人赫伯特·匡特,赫伯特9岁时母亲去世，因眼疾不得不辍学在家通过听力记忆学习。1927年17岁时哥哥去世改变人生轨迹，金特只能希望二儿子成为企业帝国继承人。先后送到英国法国深造，进行职业培训和实习,第十三部分
part13_generation_transition,匡特家族的世纪交替,金特·匡特去世时留下5500万德国马克巨额遗产，大部分是各公司股票。遗产几乎平均分给赫伯特和同父异母兄弟哈拉尔德。留下详细合同规定儿子们如何分管公司事宜，世纪交替进行得十分顺利,第十三部分
part14,第十四部分 匡特家族（二）,匡特家族第四代的发展历程，包括角逐戴姆勒-奔驰公司和宝马公司的收购战，赫伯特·匡特拯救宝马的传奇经历，第四代传承中复杂的家族财产分割，以及最终形成的现代匡特家族企业治理结构,第十四部分
part14_daimler_competition,角逐戴姆勒-奔驰公司,1954年金特·匡特去世时个人拥有戴姆勒公司3.85%股份。赫伯特和哈拉尔德认识到汽车行业将取代钢铁成为国家重点产业，将股份提高到9%。与煤炭钢铁大亨弗里克角力，最终通过合作协议获得更多股份,第十四部分
part14_bmw_competition,角逐宝马公司,20世纪50年代中期匡特家族把手伸向宝马公司。赫伯特偷偷购买宝马股份及可转换债券，没有告诉弟弟自己动用家族资产。1959年成功买下投机商人克拉格斯持有的大量宝马股份包括可转换债券,第十四部分
part14_bmw_crisis,宝马公司陷入困境,50年代末宝马汽车陷入困境，1958年亏损1200万马克1959年亏损1500万马克。车型政策只为临时工和总经理生产汽车，缺少针对中产群体车型。梅赛德斯奔驰新车各方面均优于宝马最新款,第十四部分
part14_bmw_shareholder_meeting,宝马公司慕尼黑股东大会,1959年12月9日在慕尼黑举行的宝马股东大会在德国经济史上留下重要影响。大股东与小股东严重对立，德意志银行计划将宝马并入戴姆勒。小股东强烈反对巧妙利用资产负债表错误中断会议，收购方案失败,第十四部分
part14_bmw_rescue,拯救宝马,赫伯特做出一生中最大胆选择：接手宝马公司进行重组工作。通过了解新车型、获得州政府支持、更换管理层、筹集资金、获得人才等六个步骤成功拯救宝马。1968年宝马销量达到11亿马克实现扭亏为盈,第十四部分
part14_fourth_generation,第四代传承,1967年哈拉尔德飞机坠毁身亡，1970年因遗产分配分歧进行家族资产划分。涉及宝马戴姆勒瓦尔塔IWKA等公司股份分配。赫伯特将瓦尔塔分成三个独立公司分给第二次婚姻的三个孩子让他们独立经营,第十四部分
part14_mother_children,母亲和子女之间,赫伯特1982年突然离世留下德国最大工业资产，20岁的苏珊娜和16岁的斯蒂芬无法立即接手。指定妻子约翰娜和好友戈尔茨作为遗嘱执行人。继承遗产前提是完成职业培训，26岁后才允许自由支配资金进入监事会任职,第十四部分
part14_bmw_modern,第四代手中的宝马集团,1997年苏珊娜·克拉滕和斯蒂芬·匡特进入宝马监事会，正值宝马收购罗孚困难时期。及时刹车撤换CEO最终将罗孚分拆出去使宝马重回正轨。现在苏珊娜拥有20.8%斯蒂芬拥有25.6%宝马股份，2014年资产估价310亿欧元位居德国财富榜首位,第十四部分
case_guiren_bird,贵人鸟案例分析,从辉煌鞋王到面临退市的贵人鸟发展困境案例。1987年创立，2014年上市巅峰，2018年陷入危机，2023年连续亏损，2024年面临退市。发展困境包括内部运营权力过度集中决策缺乏透明性，外部发展战略制定不合理陷入盲目扩张泥潭，丢失大本营盲目扩张短短几年烧掉近46亿元,案例分析 